class,image
Asterionellopsis glacialis,https://ifcb-data.whoi.edu/mvco/IFCB5_2012_229_100026_07452.png
Asterionellopsis glacialis,https://ifcb-data.whoi.edu/mvco/IFCB5_2012_215_162640_01919.png
Asterionellopsis glacialis,https://ifcb-data.whoi.edu/mvco/IFCB1_2007_365_162513_01636.png
Asterionellopsis glacialis,https://ifcb-data.whoi.edu/mvco/IFCB1_2008_001_004404_01028.png
Asterionellopsis glacialis,https://ifcb-data.whoi.edu/mvco/D20170525T115942_IFCB010_00512.png
Bacillaria,https://ifcb-data.whoi.edu/mvco/IFCB5_2010_271_040557_03427.png
Bacillaria,https://ifcb-data.whoi.edu/mvco/IFCB1_2012_269_082508_00984.png
Bacillaria,https://ifcb-data.whoi.edu/mvco/IFCB5_2010_259_184200_01950.png
Bacillaria,https://ifcb-data.whoi.edu/mvco/IFCB5_2010_271_040557_00845.png
Bacillaria,https://ifcb-data.whoi.edu/mvco/IFCB1_2010_285_013211_02216.png
Bidulphia,https://ifcb-data.whoi.edu/mvco/IFCB5_2012_218_140300_04067.png
Bidulphia,https://ifcb-data.whoi.edu/mvco/IFCB1_2009_345_190652_02277.png
Bidulphia,https://ifcb-data.whoi.edu/mvco/IFCB1_2009_345_184324_00419.png
Bidulphia,https://ifcb-data.whoi.edu/mvco/IFCB1_2008_319_000728_01186.png
Bidulphia,https://ifcb-data.whoi.edu/mvco/IFCB1_2009_288_130947_00590.png
Bidulphia,https://ifcb-data.whoi.edu/mvco/IFCB1_2009_292_003918_05354.png
Bidulphia,https://ifcb-data.whoi.edu/mvco/IFCB1_2011_270_185023_03876.png
Bidulphia,https://ifcb-data.whoi.edu/mvco/IFCB1_2012_283_044007_00054.png
Cerataulina pelagica,https://ifcb-data.whoi.edu/mvco/IFCB5_2015_042_054946_00650.png
Cerataulina pelagica,https://ifcb-data.whoi.edu/mvco/IFCB5_2015_015_055550_00330.png
Cerataulina pelagica,https://ifcb-data.whoi.edu/mvco/IFCB5_2015_042_054946_01908.png
Cerataulina pelagica,https://ifcb-data.whoi.edu/mvco/IFCB5_2012_201_185113_07469.png
Cerataulina_flagellate,https://ifcb-data.whoi.edu/mvco/IFCB1_2008_236_000420_00750.png
Cerataulina_flagellate,https://ifcb-data.whoi.edu/mvco/IFCB1_2012_266_095649_03125.png
Chaetoceros,https://ifcb-data.whoi.edu/mvco/IFCB5_2012_214_202628_00107.png
Chaetoceros,https://ifcb-data.whoi.edu/mvco/IFCB1_2011_244_213459_00163.png
Chaetoceros,https://ifcb-data.whoi.edu/mvco/IFCB5_2012_039_204218_00918.png
Chaetoceros,https://ifcb-data.whoi.edu/mvco/IFCB1_2012_276_015541_01747.png
Chaetoceros,https://ifcb-data.whoi.edu/mvco/IFCB1_2012_289_084408_00787.png
Chaetoceros_danicus,https://ifcb-data.whoi.edu/mvco/IFCB5_2012_038_054316_01323.png
Chaetoceros_danicus,https://ifcb-data.whoi.edu/mvco/IFCB5_2012_076_132005_00400.png
Chaetoceros_debilis,https://ifcb-data.whoi.edu/mvco/IFCB5_2011_016_045749_00051.png
Chaetoceros_debilis,https://ifcb-data.whoi.edu/mvco/IFCB1_2010_012_190006_00697.png
Chaetoceros_didymus,https://ifcb-data.whoi.edu/mvco/IFCB1_2009_146_182634_00609.png
Chaetoceros_didymus,https://ifcb-data.whoi.edu/mvco/IFCB5_2012_214_211255_01092.png
Chaetoceros_didymus,https://ifcb-data.whoi.edu/mvco/IFCB1_2012_269_010417_00565.png
Chaetoceros_didymus,https://ifcb-data.whoi.edu/mvco/IFCB5_2011_167_022908_03617.png
Chaetoceros_didymus_flagellate,https://ifcb-data.whoi.edu/mvco/IFCB1_2012_258_183733_00436.png
Chaetoceros_didymus_flagellate,https://ifcb-data.whoi.edu/mvco/IFCB5_2010_268_044926_02920.png
Chaetoceros_lorenzianus,http://phyto-optics.gso.uri.edu:8888/GSODock/D20180917T074723_IFCB120_04973.png
Chaetoceros_lorenzianus,http://phyto-optics.gso.uri.edu:8888/GSODock/D20180917T072256_IFCB120_06640.png
Chaetoceros_lorenzianus,http://phyto-optics.gso.uri.edu:8888/GSODock/D20180917T074723_IFCB120_05373.png
Chaetoceros_socialis,https://ifcb-data.whoi.edu/mvco/IFCB5_2012_100_153012_00085.png
Chaetoceros_subtilis,https://ifcb-data.whoi.edu/mvco/IFCB1_2010_012_190006_02753.png
Chaetoceros_subtilis,https://ifcb-data.whoi.edu/mvco/IFCB1_2010_012_194611_02432.png
Chaetoceros_subtilis,https://ifcb-data.whoi.edu/mvco/IFCB1_2008_114_171015_01181.png
Chaetoceros_flagellate,https://ifcb-data.whoi.edu/mvco/IFCB1_2006_237_010606_00373.png
Chaetoceros_flagellate,https://ifcb-data.whoi.edu/mvco/IFCB1_2010_012_192259_01419.png
Chaetoceros_other,https://ifcb-data.whoi.edu/mvco/IFCB1_2007_361_001447_00887.png
Chaetoceros_other,https://ifcb-data.whoi.edu/mvco/IFCB5_2012_219_205311_00436.png
Chaetoceros_other,https://ifcb-data.whoi.edu/mvco/IFCB1_2008_235_205819_01253.png
Chaetoceros_other,https://ifcb-data.whoi.edu/mvco/IFCB5_2011_318_030612_01794.png
Chaetoceros_pennate,https://ifcb-data.whoi.edu/mvco/IFCB1_2010_078_185738_02724.png
Chaetoceros_pennate,https://ifcb-data.whoi.edu/mvco/IFCB5_2010_239_185422_01115.png
Chaetoceros_pennate,https://ifcb-data.whoi.edu/mvco/IFCB5_2012_233_154446_06950.png
Corethron hystrix,https://ifcb-data.whoi.edu/mvco/IFCB5_2012_038_080229_03192.png
Corethron hystrix,https://ifcb-data.whoi.edu/mvco/IFCB5_2011_001_165030_05039.png
Corethron hystrix,https://ifcb-data.whoi.edu/mvco/IFCB1_2010_001_221003_00846.png
Coscinodiscus,https://ifcb-data.whoi.edu/mvco/IFCB1_2006_275_215903_02949.png
Coscinodiscus,https://ifcb-data.whoi.edu/mvco/IFCB1_2009_287_210109_08309.png
Coscinodiscus,https://ifcb-data.whoi.edu/mvco/IFCB5_2016_239_081749_07248.png
Coscinodiscus,https://ifcb-data.whoi.edu/mvco/IFCB5_2012_039_040304_02082.png
Coscinodiscus,https://ifcb-data.whoi.edu/mvco/IFCB5_2013_261_151242_04177.png
Cylindrotheca,https://ifcb-data.whoi.edu/mvco/IFCB5_2012_009_212600_03474.png
Cylindrotheca,https://ifcb-data.whoi.edu/mvco/IFCB1_2009_195_212603_04807.png
Cylindrotheca,https://ifcb-data.whoi.edu/mvco/IFCB5_2012_009_212600_01173.png
Cylindrotheca,https://ifcb-data.whoi.edu/mvco/IFCB5_2012_232_231225_00726.png
Dactyliosolen fragilissimus,https://ifcb-data.whoi.edu/mvco/IFCB1_2007_024_215846_01649.png
Dactyliosolen fragilissimus,https://ifcb-data.whoi.edu/mvco/IFCB5_2013_235_180640_06052.png
Dactyliosolen fragilissimus,https://ifcb-data.whoi.edu/mvco/IFCB5_2011_326_173024_01015.png
Dactyliosolen fragilissimus,https://ifcb-data.whoi.edu/mvco/IFCB5_2010_360_192539_03666.png
Dactyliosolen fragilissimus,https://ifcb-data.whoi.edu/mvco/IFCB5_2011_152_143420_00371.png
Dactyliosolen fragilissimus,https://ifcb-data.whoi.edu/mvco/IFCB1_2007_092_114113_00964.png
Dactyliosolen blavyanus,https://ifcb-data.whoi.edu/mvco/IFCB1_2011_270_191038_04254.png
Dactyliosolen blavyanus,https://ifcb-data.whoi.edu/mvco/IFCB1_2012_264_023346_00566.png
Delphineis,https://ifcb-data.whoi.edu/mvco/IFCB1_2009_315_172152_3197.png
Delphineis,https://ifcb-data.whoi.edu/mvco/IFCB5_2011_096_091011_02042.png
Delphineis,https://ifcb-data.whoi.edu/mvco/IFCB5_2011_361_063456_00891.png
Delphineis,https://ifcb-data.whoi.edu/mvco/IFCB5_2011_361_063456_00956.png
Delphineis,https://ifcb-data.whoi.edu/mvco/IFCB5_2011_361_063456_06751.png
Delphineis,https://ifcb-data.whoi.edu/mvco/IFCB1_2011_279_221512_00676.png
Delphineis,https://ifcb-data.whoi.edu/mvco/IFCB5_2011_326_161051_01585.png
Delphineis,https://ifcb-data.whoi.edu/mvco/IFCB5_2011_326_162047_01420.png
Delphineis,https://ifcb-data.whoi.edu/mvco/IFCB5_2011_326_164359_01590.png
Delphineis,https://ifcb-data.whoi.edu/mvco/IFCB5_2011_326_170712_01314.png
Delphineis,https://ifcb-data.whoi.edu/mvco/IFCB5_2011_326_173024_00234.png
Delphineis,https://ifcb-data.whoi.edu/mvco/IFCB5_2011_326_175336_03387.png
Delphineis,https://ifcb-data.whoi.edu/mvco/IFCB5_2011_326_181649_02327.png
Delphineis,https://ifcb-data.whoi.edu/mvco/IFCB5_2011_326_184000_02710.png
Delphineis,https://ifcb-data.whoi.edu/mvco/IFCB5_2011_326_190312_02802.png
Delphineis,https://ifcb-data.whoi.edu/mvco/IFCB5_2011_326_201250_06889.png
Delphineis,https://ifcb-data.whoi.edu/mvco/IFCB5_2011_326_175336_06963.png
diatom_flagellate,https://ifcb-data.whoi.edu/mvco/IFCB1_2008_218_001524_04127.png
diatom_flagellate,https://ifcb-data.whoi.edu/mvco/IFCB1_2009_247_162615_05901.png
diatom_flagellate,https://ifcb-data.whoi.edu/mvco/IFCB1_2009_292_001605_03698.png
diatom_flagellate,https://ifcb-data.whoi.edu/mvco/IFCB5_2013_325_230315_01350.png
Ditylum brightwellii,https://ifcb-data.whoi.edu/mvco/IFCB1_2012_291_124443_01548.png
Ditylum brightwellii,https://ifcb-data.whoi.edu/mvco/IFCB5_2011_330_184411_03111.png
Ditylum brightwellii,https://ifcb-data.whoi.edu/mvco/IFCB1_2012_354_131614_01137.png
Ditylum_parasite,https://ifcb-data.whoi.edu/mvco/IFCB5_2012_047_185125_01617.png
Ditylum_parasite,https://ifcb-data.whoi.edu/mvco/IFCB1_2009_031_145308_00267.png
Ephemera,https://ifcb-data.whoi.edu/mvco/IFCB1_2009_210_184624_01773.png
Ephemera,https://ifcb-data.whoi.edu/mvco/IFCB5_2014_328_152205_04597.png
Eucampia,https://ifcb-data.whoi.edu/mvco/IFCB1_2006_311_084359_00930.png
Eucampia,https://ifcb-data.whoi.edu/mvco/IFCB1_2006_311_044450_02833.png
Eucampia,https://ifcb-data.whoi.edu/mvco/IFCB5_2011_047_084449_00824.png
Eucampia,https://ifcb-data.whoi.edu/mvco/IFCB1_2010_030_180248_03226.png
Eucampia,https://ifcb-data.whoi.edu/mvco/IFCB5_2014_315_142115_07921.png
G_delicatula_detritus,https://ifcb-data.whoi.edu/mvco/IFCB1_2007_012_000830_01216.png
G_delicatula_detritus,https://ifcb-data.whoi.edu/mvco/IFCB1_2007_032_183908_00747.png
G_delicatula_detritus,https://ifcb-data.whoi.edu/mvco/IFCB1_2009_270_011758_07306.png
G_delicatula_parasite,https://ifcb-data.whoi.edu/mvco/IFCB1_2006_270_164544_00637.png
G_delicatula_parasite,https://ifcb-data.whoi.edu/mvco/IFCB1_2008_349_171852_00062.png
G_delicatula_parasite,https://ifcb-data.whoi.edu/mvco/IFCB5_2012_029_072437_03381.png
G_delicatula_parasite,https://ifcb-data.whoi.edu/mvco/IFCB5_2015_008_014341_01483.png
G_delicatula_external_parasite,https://ifcb-data.whoi.edu/mvco/IFCB1_2009_041_204709_01712.png
G_delicatula_external_parasite,https://ifcb-data.whoi.edu/mvco/IFCB5_2011_331_020503_03435.png
Guinardia_delicatula,https://ifcb-data.whoi.edu/mvco/IFCB1_2007_092_182732_00359.png
Guinardia_delicatula,https://ifcb-data.whoi.edu/mvco/IFCB1_2010_031_232846_01177.png
Guinardia_delicatula,https://ifcb-data.whoi.edu/mvco/IFCB5_2012_046_085134_01470.png
Guinardia_delicatula,https://ifcb-data.whoi.edu/mvco/IFCB5_2015_020_022253_00030.png
Guinardia_flaccida,https:/ifcb-data.whoi.edu/mvco/IFCB5_2012_023_192345_03677.png
Guinardia_flaccida,https://ifcb-data.whoi.edu/mvco/IFCB5_2012_046_113359_02103.png
Guinardia_striata,https://ifcb-data.whoi.edu/mvco/IFCB5_2012_021_223858_02630.png
Guinardia_striata,https://ifcb-data.whoi.edu/mvco/IFCB5_2012_021_173718_01513.png
Guinardia_striata,https://ifcb-data.whoi.edu/mvco/IFCB5_2012_039_053553_01571.png
Guinardia_striata,https://ifcb-data.whoi.edu/mvco/IFCB5_2012_041_214542_01687.png
Guinardia_striata,https://ifcb-data.whoi.edu/mvco/IFCB5_2012_003_233824_03160.png
Guinardia_striata,https://ifcb-data.whoi.edu/mvco/IFCB5_2012_010_094830_02973.png
Hemiaulus,https://ifcb-data.whoi.edu/mvco/IFCB5_2012_242_193108_06862.png
Hemiaulus,https://ifcb-data.whoi.edu/mvco/IFCB5_2012_240_164007_03239.png
Hemiaulus,https://ifcb-data.whoi.edu/mvco/IFCB5_2012_243_072426_01020.png
Hemiaulus,https://ifcb-data.whoi.edu/mvco/IFCB5_2012_243_050512_00784.png
Hemiaulus,https://ifcb-data.whoi.edu/mvco/IFCB5_2012_243_050512_00036.png
Hemiaulus,https://ifcb-data.whoi.edu/mvco/IFCB5_2012_243_035534_00398.png
Hemiaulus,https://ifcb-data.whoi.edu/mvco/IFCB1_2011_244_200208_00877.png
Hemiaulus,https://ifcb-data.whoi.edu/mvco/IFCB1_2011_244_200208_00621.png
Hemiaulus,https://ifcb-data.whoi.edu/mvco/IFCB5_2012_240_133428_00837.png
Hemiaulus,https://ifcb-data.whoi.edu/mvco/IFCB5_2012_239_134457_02295.png
Hemiaulus,https://ifcb-data.whoi.edu/mvco/IFCB5_2012_239_175707_03640.png
Hemiaulus,https://ifcb-data.whoi.edu/mvco/IFCB5_2010_259_182514_00090.png
Hemiaulus,https://ifcb-data.whoi.edu/mvco/IFCB5_2010_249_025833_03488.png
Hemiaulus,https://ifcb-data.whoi.edu/mvco/IFCB5_2012_239_175707_03279.png
Lauderia annulata,https://ifcb-data.whoi.edu/mvco/IFCB1_2008_318_195140_02131.png
Lauderia annulata,https://ifcb-data.whoi.edu/mvco/IFCB1_2010_001_212311_01103.png
Leptocylindrus,https://ifcb-data.whoi.edu/mvco/IFCB5_2011_001_173655_04616.png
Leptocylindrus,https://ifcb-data.whoi.edu/mvco/IFCB5_2014_328_152205_00600.png
Leptocylindrus_mediterraneus,https://ifcb-data.whoi.edu/mvco/IFCB1_2012_289_090719_00050.png
Leptocylindrus_mediterraneus,https://ifcb-data.whoi.edu/mvco/IFCB1_2012_289_182412_01633.png
Leptocylindrus_mediterraneus,https://ifcb-data.whoi.edu/mvco/IFCB1_2012_264_003745_00683.png
Leptocylindrus_mediterraneus,https://ifcb-data.whoi.edu/mvco/IFCB1_2012_264_003745_00684.png
Licmophora,https://ifcb-data.whoi.edu/mvco/IFCB5_2011_361_065809_01423.png
Licmophora,https://ifcb-data.whoi.edu/mvco/IFCB1_2007_090_191948_01429.png
Licmophora,https://ifcb-data.whoi.edu/mvco/IFCB1_2009_341_002518_05524.png
Odontella,https://ifcb-data.whoi.edu/mvco/IFCB5_2010_249_010230_05887.png
Odontella,https://ifcb-data.whoi.edu/mvco/IFCB5_2014_001_181512_04985.png
Odontella,http://phyto-optics.gso.uri.edu:8888/GSODock/D20180102T183903_IFCB120_00585.png
Odontella,http://phyto-optics.gso.uri.edu:8888/GSODock/D20171215T145312_IFCB120_01218.png
Odontella_mobiliensis,https://ifcb-data.whoi.edu/mvco/IFCB1_2008_319_005351_02175.png
Odontella_mobiliensis,https://ifcb-data.whoi.edu/mvco/IFCB5_2010_268_001054_02171.png
Odontella_mobiliensis,http://phyto-optics.gso.uri.edu:8888/GSODock/D20181103T094644_IFCB120_03307.png
Odontella_mobiliensis,http://phyto-optics.gso.uri.edu:8888/GSODock/D20181103T094644_IFCB120_01903.png
Odontella_mobiliensis,http://phyto-optics.gso.uri.edu:8888/GSODock/D20181103T101111_IFCB120_02085.png
Paralia sulcata,https://ifcb-data.whoi.edu/mvco/IFCB1_2008_090_194228_00154.png
Paralia sulcata,https://ifcb-data.whoi.edu/mvco/IFCB5_2010_240_160500_02718.png
pennate,https://ifcb-data.whoi.edu/mvco/IFCB1_2006_158_000036_00053.png
pennate,https://ifcb-data.whoi.edu/mvco/IFCB1_2007_183_105701_00605.png
pennate,https://ifcb-data.whoi.edu/mvco/IFCB1_2009_276_181153_00430.png
pennate,https://ifcb-data.whoi.edu/mvco/IFCB1_2010_285_004546_00913.png
pennate,https://ifcb-data.whoi.edu/mvco/IFCB5_2014_060_064942_05252.png
pennate_morphotype1,https://ifcb-data.whoi.edu/mvco/IFCB1_2008_072_122847_03697.png
pennate_morphotype1,https://ifcb-data.whoi.edu/mvco/IFCB1_2012_292_090941_00067.png
pennate_morphotype1,https://ifcb-data.whoi.edu/mvco/IFCB1_2013_302_163814_02962.png
pennates_on_diatoms,https://ifcb-data.whoi.edu/mvco/IFCB1_2011_255_212504_02068.png
pennates_on_diatoms,https://ifcb-data.whoi.edu/mvco/IFCB1_2012_262_150159_00306.png
Pleurosigma,https://ifcb-data.whoi.edu/mvco/IFCB1_2009_104_152854_02098.png
Pleurosigma,https://ifcb-data.whoi.edu/mvco/IFCB1_2011_244_163915_01042.png
Pleurosigma,https://ifcb-data.whoi.edu/mvco/IFCB5_2012_021_054400_00646.png
Pleurosigma,https://ifcb-data.whoi.edu/mvco/IFCB1_2012_116_172835_02229.png
Pleurosigma,https://ifcb-data.whoi.edu/mvco/IFCB1_2012_116_172835_01760.png
Pleurosigma,https://ifcb-data.whoi.edu/mvco/IFCB1_2012_116_172835_01787.png
Proboscia,https://ifcb-data.whoi.edu/mvco/IFCB1_2006_300_165425_00081.png
Proboscia,https://ifcb-data.whoi.edu/mvco/IFCB1_2006_310_161259_02372.png
Proboscia,https://ifcb-data.whoi.edu/mvco/IFCB1_2006_310_165607_02410.png
Proboscia,https://ifcb-data.whoi.edu/mvco/IFCB1_2006_310_173937_01477.png
Proboscia,https://ifcb-data.whoi.edu/mvco/IFCB1_2006_310_180123_03280.png
Proboscia,https://ifcb-data.whoi.edu/mvco/IFCB1_2006_310_180123_03647.png
Proboscia,https://ifcb-data.whoi.edu/mvco/IFCB1_2006_310_182308_02799.png
Proboscia,https://ifcb-data.whoi.edu/mvco/IFCB1_2008_360_161430_01176.png
Proboscia,https://ifcb-data.whoi.edu/mvco/IFCB1_2008_360_194324_00156.png
Proboscia,https://ifcb-data.whoi.edu/mvco/IFCB1_2009_030_163951_01399.png
Proboscia,https://ifcb-data.whoi.edu/mvco/IFCB1_2009_030_163951_01400.png
Pseudonitzschia,https://ifcb-data.whoi.edu/mvco/IFCB5_2015_042_052633_02336.png
Pseudonitzschia,https://ifcb-data.whoi.edu/mvco/IFCB5_2015_051_190543_04562.png
Pseudonitzschia,https://ifcb-data.whoi.edu/mvco/IFCB1_2006_295_002935_00814.png
Pseudonitzschia,https://ifcb-data.whoi.edu/mvco/IFCB1_2011_270_185023_03709.png
Pseudonitzschia,https://ifcb-data.whoi.edu/mvco/IFCB5_2012_047_065808_00989.png
Raphoneis,https://ifcb-data.whoi.edu/mvco/IFCB1_2011_240_162844_01970.png
Raphoneis,https://ifcb-data.whoi.edu/mvco/IFCB1_2011_240_193426_00651.png
Raphoneis,https://ifcb-data.whoi.edu/mvco/IFCB1_2012_326_160928_00949.png
Raphoneis,https://ifcb-data.whoi.edu/mvco/IFCB5_2011_326_184000_00506.png
Raphoneis,https://ifcb-data.whoi.edu/mvco/IFCB1_2012_319_112505_01119.png
Raphoneis,https://ifcb-data.whoi.edu/mvco/IFCB1_2012_319_110152_00342.png
Raphoneis,https://ifcb-data.whoi.edu/mvco/IFCB1_2012_364_071203_01325.png
Rhizosolenia,https://ifcb-data.whoi.edu/mvco/IFCB5_2012_035_180436_01736.png
Rhizosolenia,https://ifcb-data.whoi.edu/mvco/IFCB5_2012_104_061830_00060.png
Rhizosolenia,https://ifcb-data.whoi.edu/mvco/IFCB5_2012_066_150552_03888.png
Rhizosolenia,https://ifcb-data.whoi.edu/mvco/IFCB1_2009_158_182808_02228.png
Rhizosolenia,https://ifcb-data.whoi.edu/mvco/IFCB5_2012_009_214911_01163.png
Rhizosolenia,https://ifcb-data.whoi.edu/mvco/IFCB5_2015_015_055550_00086.png
Rhizosolenia,https://ifcb-data.whoi.edu/mvco/IFCB1_2009_030_163951_00654.png
Rhizosolenia,https://ifcb-data.whoi.edu/mvco/IFCB1_2009_015_164915_01843.png
Rhizosolenia,https://ifcb-data.whoi.edu/mvco/IFCB5_2016_293_134038_03888.png
Skeletonema,https://ifcb-data.whoi.edu/mvco/IFCB5_2014_353_202828_06552.png
Skeletonema,https://ifcb-data.whoi.edu/mvco/IFCB5_2015_051_192856_02877.png
Skeletonema,https://ifcb-data.whoi.edu/mvco/IFCB5_2014_016_195725_00377.png
Stephanopyxis,https://ifcb-data.whoi.edu/mvco/IFCB1_2010_060_162323_01988.png
Stephanopyxis,https://ifcb-data.whoi.edu/mvco/IFCB5_2011_054_123500_00947.png
Stephanopyxis,https://ifcb-data.whoi.edu/mvco/IFCB1_2007_061_175107_01039.png
Stephanopyxis,https://ifcb-data.whoi.edu/mvco/IFCB1_2006_300_184306_00437.png
Stephanopyxis,https://ifcb-data.whoi.edu/mvco/IFCB5_2013_331_175732_03387.png
Striatella unipunctata,https://ifcb-data.whoi.edu/mvco/IFCB1_2007_183_103516_00155.png
Thalassionema,https://ifcb-data.whoi.edu/mvco/IFCB5_2017_011_172727_01945.png
Thalassionema,https://ifcb-data.whoi.edu/mvco/IFCB5_2011_051_232156_04694.png
Thalassionema,https://ifcb-data.whoi.edu/mvco/IFCB5_2012_022_133752_03029.png
Thalassionema,https://ifcb-data.whoi.edu/mvco/IFCB5_2012_023_044802_02591.png
Thalassionema,https://ifcb-data.whoi.edu/mvco/IFCB5_2012_023_145120_03135.png
Thalassionema,https://ifcb-data.whoi.edu/mvco/IFCB1_2007_092_074203_01167.png
Thalassionema,https://ifcb-data.whoi.edu/mvco/IFCB5_2012_045_140036_00513.png
Thalassiosira,https://ifcb-data.whoi.edu/mvco/IFCB5_2012_040_114715_01289.png
Thalassiosira,https://ifcb-data.whoi.edu/mvco/IFCB1_2009_067_180909_02941.png
Thalassiosira_rotula,https://ifcb-data.whoi.edu/mvco/IFCB1_2010_031_230500_01769.png
Thalassiosira_rotula,https://ifcb-data.whoi.edu/mvco/IFCB1_2012_269_082508_00435.png
Thalassiosira sp aff mala,https://ifcb-data.whoi.edu/mvco/D20181120T202552_IFCB010_01550.png
Thalassiosira sp aff mala,https://ifcb-data.whoi.edu/mvco/D20181120T202552_IFCB010_02929.png
Thalassiosira sp aff mala,https://ifcb-data.whoi.edu/NESLTER_broadscale/D20141116T041709_IFCB102_02845.png
Thalassiosira_dirty,https://ifcb-data.whoi.edu/mvco/IFCB5_2014_341_025413_01532.png
Thalassiosira_dirty,https://ifcb-data.whoi.edu/mvco/IFCB5_2015_025_022802_01216.png
amoeba,https://ifcb-data.whoi.edu/mvco/IFCB1_2013_302_163814_00313.png
amoeba,https://ifcb-data.whoi.edu/mvco/IFCB5_2013_087_081527_01467.png
amoeba,https://ifcb-data.whoi.edu/mvco/IFCB5_2013_167_155128_00034.png
amoeba,https://ifcb-data.whoi.edu/mvco/IFCB5_2011_360_195114_01349.png
Apedinella,https://ifcb-data.whoi.edu/mvco/IFCB1_2009_158_002209_01049.png
Apedinella,https://ifcb-data.whoi.edu/mvco/IFCB1_2009_158_180517_00597.png
Apedinella,https://ifcb-data.whoi.edu/mvco/IFCB5_2017_036_121145_03566.png
Apedinella,https://ifcb-data.whoi.edu/mvco/IFCB5_2017_015_085858_06841.png
Chroomonas,https://ifcb-data.whoi.edu/SPIROPA/D20190706T013729_IFCB129_00109.png
Chroomonas,https://ifcb-data.whoi.edu/SPIROPA/D20190706T013729_IFCB129_03095.png
Chroomonas,https://ifcb-data.whoi.edu/SPIROPA/D20190706T013729_IFCB129_03945.png
Chroomonas,https://ifcb-data.whoi.edu/SPIROPA/D20190706T091531_IFCB129_00431.png
Chrysochromulina,https://ifcb-data.whoi.edu/mvco/IFCB1_2006_270_172914_00828.png
Chrysochromulina,https://ifcb-data.whoi.edu/mvco/IFCB1_2007_183_000344_00525.png
Chrysochromulina,https://ifcb-data.whoi.edu/mvco/IFCB5_2013_213_164516_00230.png
clusterflagellate,https://ifcb-data.whoi.edu/mvco/IFCB1_2009_315_174508_02007.png
clusterflagellate,https://ifcb-data.whoi.edu/mvco/IFCB1_2006_285_190640_02382.png
clusterflagellate,https://ifcb-data.whoi.edu/mvco/IFCB1_2010_306_194946_08341.png
clusterflagellate,https://ifcb-data.whoi.edu/mvco/IFCB1_2010_306_201258_02905.png
clusterflagellate,https://ifcb-data.whoi.edu/mvco/IFCB1_2012_279_213439_00214.png
crypto,https://ifcb-data.whoi.edu/mvco/IFCB5_2015_084_120405_00087.png
crypto,https://ifcb-data.whoi.edu/mvco/IFCB5_2015_084_120405_00963.png
crypto,https://ifcb-data.whoi.edu/mvco/IFCB1_2006_307_215834_00086.png
Dictyocha,https://ifcb-data.whoi.edu/mvco/IFCB5_2011_318_035238_00028.png
Dictyocha,https://ifcb-data.whoi.edu/mvco/IFCB5_2011_326_173024_04870.png
Dictyocha,https://ifcb-data.whoi.edu/mvco/IFCB5_2011_322_030145_02749.png
Dinobryon,https://ifcb-data.whoi.edu/mvco/IFCB5_2012_036_142823_02532.png
Dinobryon,https://ifcb-data.whoi.edu/mvco/IFCB5_2012_039_201905_00513.png
Euglena,https://ifcb-data.whoi.edu/mvco/IFCB5_2010_240_195716_00146.png
Euglena,https://ifcb-data.whoi.edu/mvco/IFCB5_2010_240_195716_00371.png
Euglena,https://ifcb-data.whoi.edu/mvco/IFCB5_2010_270_160623_06096.png
Euglena,https://ifcb-data.whoi.edu/mvco/IFCB5_2010_270_173915_00162.png
Euglena,https://ifcb-data.whoi.edu/mvco/IFCB1_2010_015_190256_01032.png
Euglena,https://ifcb-data.whoi.edu/mvco/IFCB1_2009_120_162135_00978.png
Euglena,https://ifcb-data.whoi.edu/mvco/IFCB1_2008_318_184203_02927.png
Euglena,https://ifcb-data.whoi.edu/mvco/IFCB1_2007_030_191342_01191.png
Euglena,https://ifcb-data.whoi.edu/mvco/IFCB5_2010_262_032229_04633.png
Euglena,https://ifcb-data.whoi.edu/mvco/IFCB5_2010_262_053543_01487.png
flagellate,https://ifcb-data.whoi.edu/mvco/IFCB5_2012_009_212600_00866.png
flagellate,https://ifcb-data.whoi.edu/mvco/IFCB1_2007_092_161703_00319.png
flagellate morphotype1,https://ifcb-data.whoi.edu/mvco/IFCB1_2010_040_212550_01309.png
flagellate morphotype1,https://ifcb-data.whoi.edu/mvco/IFCB5_2011_039_040624_03613.png
flagellate morphotype1,https://ifcb-data.whoi.edu/mvco/IFCB5_2013_153_134030_00229.png
flagellate morphotype1,https://ifcb-data.whoi.edu/mvco/IFCB5_2012_066_172506_00400.png
flagellate morphotype1,https://ifcb-data.whoi.edu/mvco/IFCB5_2012_066_172506_01682.png
flagellate morphotype1,https://ifcb-data.whoi.edu/mvco/IFCB5_2012_066_172506_03150.png
flagellate morphotype3,https://ifcb-data.whoi.edu/mvco/IFCB1_2009_111_222006_03957.png
flagellate morphotype3,https://ifcb-data.whoi.edu/mvco/IFCB1_2014_176_155350_02778.png
flagellate morphotype3,https://ifcb-data.whoi.edu/mvco/IFCB5_2011_051_192947_03944.png
Chrysochromulina lanceolata,https://ifcb-data.whoi.edu/mvco/IFCB1_2006_271_184219_00142.png
Chrysochromulina lanceolata,https://ifcb-data.whoi.edu/mvco/IFCB1_2011_255_203841_00859.png
Chrysochromulina lanceolata,https://ifcb-data.whoi.edu/mvco/IFCB5_2012_242_010357_01386.png
Parvicorbicula_socialis,https://ifcb-data.whoi.edu/mvco/IFCB5_2011_024_092305_03653.png
Parvicorbicula_socialis,https://ifcb-data.whoi.edu/mvco/IFCB5_2014_078_000841_02429.png
Parvicorbicula_socialis,https://ifcb-data.whoi.edu/mvco/IFCB5_2012_048_160137_01589.png
Parvicorbicula_socialis,https://ifcb-data.whoi.edu/mvco/IFCB5_2012_048_134222_00284.png
Parvicorbicula_socialis,https://ifcb-data.whoi.edu/mvco/IFCB5_2012_048_112308_02016.png
Parvicorbicula_socialis,https://ifcb-data.whoi.edu/mvco/IFCB5_2012_054_021907_00790.png
Parvicorbicula_socialis,https://ifcb-data.whoi.edu/mvco/IFCB1_2013_028_062756_00577.png
Phaeocystis,https://ifcb-data.whoi.edu/mvco/IFCB5_2012_046_143336_01037.png
Phaeocystis,https://ifcb-data.whoi.edu/mvco/IFCB1_2009_103_214706_02320.png
Phaeocystis,https://ifcb-data.whoi.edu/mvco/IFCB1_2009_328_001438_01982.png
Phaeocystis,https://ifcb-data.whoi.edu/mvco/IFCB1_2012_284_025929_00028.png
Phaeocystis,https://ifcb-data.whoi.edu/mvco/IFCB1_2012_288_172225_00297.png
Pseudochattonella_farcimen,https://ifcb-data.whoi.edu/mvco/IFCB1_2007_059_221306_00071.png
Pseudochattonella_farcimen,https://ifcb-data.whoi.edu/mvco/IFCB1_2010_036_183757_00178.png
Pseudochattonella_farcimen,https://ifcb-data.whoi.edu/mvco/IFCB1_2013_057_133610_00093.png
Pseudochattonella_farcimen,https://ifcb-data.whoi.edu/mvco/IFCB5_2011_015_194623_00038.png
Pseudochattonella_farcimen,https://ifcb-data.whoi.edu/mvco/IFCB5_2011_030_160734_00964.png
Pseudochattonella_farcimen,https://ifcb-data.whoi.edu/mvco/IFCB5_2011_030_165307_00019.png
Pseudochattonella_farcimen,https://ifcb-data.whoi.edu/mvco/IFCB5_2011_030_170128_00564.png
Pseudochattonella_farcimen,https://ifcb-data.whoi.edu/mvco/IFCB5_2011_165_194359_00006.png
Pseudochattonella_farcimen,https://ifcb-data.whoi.edu/mvco/IFCB1_2008_318_170935_04917.png
Pseudochattonella_farcimen,https://ifcb-data.whoi.edu/mvco/IFCB1_2007_360_184927_00059.png
Pseudochattonella_farcimen,https://ifcb-data.whoi.edu/mvco/IFCB1_2007_061_183409_00300.png
Pterosperma,https://ifcb-data.whoi.edu/mvco/IFCB1_2012_184_111114_01351.png
Pterosperma,https://ifcb-data.whoi.edu/mvco/IFCB5_2012_228_170529_02315.png
Pterosperma,https://ifcb-data.whoi.edu/mvco/IFCB1_2012_289_090719_01546.png
Pterosperma,https://ifcb-data.whoi.edu/mvco/IFCB1_2012_289_045830_00842.png
Pyramimonas,https://ifcb-data.whoi.edu/mvco/IFCB1_2006_280_002433_00485.png
Pyramimonas,https://ifcb-data.whoi.edu/mvco/IFCB1_2006_354_193915_00055.png
Pyramimonas,https://ifcb-data.whoi.edu/mvco/IFCB1_2009_211_155709_04744.png
Pyramimonas,https://ifcb-data.whoi.edu/mvco/IFCB5_2015_015_053237_00720.png
Pyramimonas,https://ifcb-data.whoi.edu/mvco/IFCB5_2012_009_212600_05553.png
Pyramimonas,https://ifcb-data.whoi.edu/mvco/IFCB5_2012_009_212600_05627.png
Pyramimonas,https://ifcb-data.whoi.edu/mvco/IFCB5_2012_009_212600_05778.png
Pyramimonas,https://ifcb-data.whoi.edu/mvco/IFCB5_2012_066_181129_00078.png
Pyramimonas,https://ifcb-data.whoi.edu/mvco/IFCB5_2012_066_181129_00093.png
Pyramimonas_longicauda,https://ifcb-data.whoi.edu/mvco/IFCB5_2010_270_195832_03535.png
Pyramimonas_longicauda,https://ifcb-data.whoi.edu/mvco/IFCB5_2010_240_184725_00680.png
Pyramimonas_longicauda,https://ifcb-data.whoi.edu/mvco/IFCB5_2010_240_191049_00587.png
Vicicitus_globosus,https://ifcb-data.whoi.edu/mvco/IFCB1_2012_282_200950_00403.png
Vicicitus_globosus,https://ifcb-data.whoi.edu/mvco/IFCB1_2009_294_154206_01743.png
Vicicitus_globosus,https://ifcb-data.whoi.edu/mvco/IFCB1_2010_306_201258_04885.png
Vicicitus_globosus,https://ifcb-data.whoi.edu/mvco/IFCB1_2012_276_170035_01056.png
Vicicitus_globosus,https://ifcb-data.whoi.edu/mvco/IFCB1_2012_276_163723_00422.png
Vicicitus_globosus,https://ifcb-data.whoi.edu/mvco/IFCB1_2012_276_163723_00077.png
Asterodinium,https://ifcb-data.whoi.edu/SPIROPA/D20190706T163053_IFCB129_02423.png
Asterodinium,https://ifcb-data.whoi.edu/SPIROPA/D20190706T205816_IFCB109_00300.png
Asterodinium,https://ifcb-data.whoi.edu/SPIROPA/D20190706T205816_IFCB109_00723.png
Asterodinium,https://ifcb-data.whoi.edu/SPIROPA/D20190716T210120_IFCB129_02853.png
Akashiwo,https://ifcb-data.whoi.edu/mvco/IFCB5_2012_219_152756_02433.png
Akashiwo,https://ifcb-data.whoi.edu/mvco/IFCB1_2012_263_165339_02083.png
Akashiwo,https://ifcb-data.whoi.edu/mvco/IFCB1_2012_276_052433_00911.png
Akashiwo,https://ifcb-data.whoi.edu/mvco/IFCB1_2012_276_050117_00237.png
Akashiwo,https://ifcb-data.whoi.edu/mvco/IFCB1_2012_276_032830_01361.png
Amphidinium_sp,https://ifcb-data.whoi.edu/mvco/IFCB5_2012_066_183442_00819.png
Amphidinium_sp,https://ifcb-data.whoi.edu/mvco/IFCB5_2012_083_175448_00087.png
Amphidinium_sp,https://ifcb-data.whoi.edu/mvco/IFCB5_2013_184_213410_04458.png
Ceratium,https://ifcb-data.whoi.edu/mvco/IFCB5_2015_318_235245_05693.png
Ceratium,https://ifcb-data.whoi.edu/mvco/IFCB5_2012_087_173930_02369.png
Ceratium,https://ifcb-data.whoi.edu/mvco/IFCB5_2012_107_150834_03744.png
Ceratium,https://ifcb-data.whoi.edu/mvco/IFCB5_2012_090_161450_01299.png
Ceratium,https://ifcb-data.whoi.edu/mvco/IFCB5_2012_090_161450_02611.png
Ceratium,https://ifcb-data.whoi.edu/mvco/IFCB5_2012_062_015917_02950.png
Ceratium,https://ifcb-data.whoi.edu/mvco/IFCB1_2010_134_225823_00653.png
Ceratium,https://ifcb-data.whoi.edu/mvco/IFCB5_2012_046_071846_01266.png
Ceratium,https://ifcb-data.whoi.edu/mvco/IFCB1_2010_134_225823_03134.png
Ceratium,https://ifcb-data.whoi.edu/mvco/IFCB5_2012_045_020117_00555.png
Ceratium,https://ifcb-data.whoi.edu/mvco/IFCB5_2012_048_112308_01561.png
Ceratium,https://ifcb-data.whoi.edu/mvco/IFCB1_2011_244_185834_02339.png
Ceratium,https://ifcb-data.whoi.edu/mvco/IFCB5_2012_093_152549_01019.png
Ceratium,https://ifcb-data.whoi.edu/mvco/IFCB1_2012_115_163148_07265.png
Ceratium,https://ifcb-data.whoi.edu/mvco/IFCB1_2012_111_194139_00285.png
Ceratium_furca,https://ifcb-data.whoi.edu/mvco/D20181008T220407_IFCB109_00849.png
Ceratium_furca,https://ifcb-data.whoi.edu/mvco/IFCB5_2013_127_200102_03377.png
Ceratium_furca,https://ifcb-data.whoi.edu/mvco/IFCB5_2016_195_034827_06084.png
Ceratium_furca,https://ifcb-data.whoi.edu/mvco/IFCB5_2016_180_170335_05681.png
Ceratium_fusus,https://ifcb-data.whoi.edu/mvco/IFCB5_2016_167_185728_06317.png
Ceratium_fusus,https://ifcb-data.whoi.edu/mvco/IFCB1_2011_284_212925_04183.png
Ceratium_fusus,https://ifcb-data.whoi.edu/mvco/IFCB5_2015_092_175424_00675.png
Ceratium_fusus,https://ifcb-data.whoi.edu/mvco/IFCB1_2016_077_163043_01505.png
Ceratium_fusus,https://ifcb-data.whoi.edu/mvco/IFCB1_2012_362_131522_00462.png
Ceratium_lineatum,https://ifcb-data.whoi.edu/mvco/IFCB1_2008_225_183029_00751.png
Ceratium_lineatum,https://ifcb-data.whoi.edu/mvco/IFCB1_2007_315_170407_01714.png
Ceratium_lineatum,https://ifcb-data.whoi.edu/mvco/D20180905T104808_IFCB010_00221.png
Ceratium_lineatum,https://ifcb-data.whoi.edu/mvco/IFCB5_2012_073_222121_04196.png
Margalefidinium,https://ifcb-data.whoi.edu/mvco/IFCB1_2009_262_001431_09002.png
Margalefidinium,https://ifcb-data.whoi.edu/mvco/IFCB1_2011_260_221456_03483.png
Margalefidinium,https://ifcb-data.whoi.edu/mvco/IFCB1_2011_260_223806_02139.png
Margalefidinium,https://ifcb-data.whoi.edu/mvco/IFCB1_2011_255_210152_03457.png
dino30,https://ifcb-data.whoi.edu/mvco/IFCB1_2006_158_010552_00034.png
dino30,https://ifcb-data.whoi.edu/mvco/IFCB1_2007_024_222028_00674.png
dino30,https://ifcb-data.whoi.edu/mvco/IFCB1_2007_027_005040_01083.png
dino30,https://ifcb-data.whoi.edu/mvco/IFCB1_2008_006_002456_01074.png
dino30,https://ifcb-data.whoi.edu/mvco/IFCB1_2008_006_000316_02100.png
dino30,https://ifcb-data.whoi.edu/mvco/IFCB1_2009_022_002654_01520.png
dino30,https://ifcb-data.whoi.edu/mvco/IFCB5_2012_219_134909_00418.png
dino30,https://ifcb-data.whoi.edu/mvco/IFCB5_2012_192_182636_03238.png
dino30,https://ifcb-data.whoi.edu/mvco/IFCB1_2008_199_143321_02180.png
dino30,https://ifcb-data.whoi.edu/mvco/IFCB5_2012_221_022729_00974.png
dino30,https://ifcb-data.whoi.edu/mvco/IFCB5_2012_221_103446_00003.png
dino30,https://ifcb-data.whoi.edu/mvco/IFCB5_2012_192_173944_02598.png
dino30,https://ifcb-data.whoi.edu/mvco/IFCB1_2009_045_193325_00316.png
dino30,https://ifcb-data.whoi.edu/mvco/IFCB1_2009_045_193325_00780.png
dino30,https://ifcb-data.whoi.edu/mvco/IFCB1_2009_045_195638_00121.png
dino30,https://ifcb-data.whoi.edu/mvco/IFCB1_2009_045_195638_00155.png
dino30,https://ifcb-data.whoi.edu/mvco/IFCB1_2009_045_195638_00512.png
dino30,https://ifcb-data.whoi.edu/mvco/IFCB1_2010_030_180248_00740.png
dino30,https://ifcb-data.whoi.edu/mvco/IFCB1_2010_030_180248_01812.png
dino30,https://ifcb-data.whoi.edu/mvco/IFCB5_2012_046_181222_00456.png
dino30,https://ifcb-data.whoi.edu/mvco/IFCB5_2010_240_195716_00573.png
dino30,https://ifcb-data.whoi.edu/mvco/IFCB1_2009_060_183831_00227.png
dino30,https://ifcb-data.whoi.edu/mvco/IFCB1_2009_120_175459_00706.png
dino30,https://ifcb-data.whoi.edu/mvco/IFCB1_2009_135_182511_00414.png
dino30,https://ifcb-data.whoi.edu/mvco/IFCB1_2010_015_183943_00189.png
dino30,https://ifcb-data.whoi.edu/mvco/IFCB1_2010_030_182559_00458.png
Dinophyceae morphotype 2,https://ifcb-data.whoi.edu/EXPORTS/D20180818T050728_IFCB125_01507.png
Dinophyceae morphotype 2,https://ifcb-data.whoi.edu/EXPORTS/D20180906T015457_IFCB125_03502.png
Dinophyceae morphotype 2,https://ifcb-data.whoi.edu/EXPORTS/D20180907T131639_IFCB125_06274.png
Dinophyceae morphotype 1,https://ifcb-data.whoi.edu/EXPORTS/D20180818T000234_IFCB125_02248.png
Dinophyceae morphotype 1,https://ifcb-data.whoi.edu/EXPORTS/D20180816T234621_IFCB125_00533.png
Dinophyceae morphotype 1,https://ifcb-data.whoi.edu/EXPORTS/D20180816T234621_IFCB125_00057.png
Dinophysis,https://ifcb-data.whoi.edu/mvco/IFCB1_2010_135_161656_00450.png
Dinophysis,https://ifcb-data.whoi.edu/mvco/IFCB5_2012_076_171207_00761.png
Dinophysis,https://ifcb-data.whoi.edu/mvco/IFCB5_2012_228_122702_02578.png
Gonyaulax,https://ifcb-data.whoi.edu/mvco/IFCB1_2008_347_001931_01687.png
Gonyaulax,https://ifcb-data.whoi.edu/mvco/IFCB1_2009_022_002654_01039.png
Gymnodinium,http://phyto-optics.gso.uri.edu:8888/GSODock/D20180326T211700_IFCB120_00689.png
Gymnodinium,http://phyto-optics.gso.uri.edu:8888/GSODock/D20180326T214129_IFCB120_06779.png
Gyrodinium,https://ifcb-data.whoi.edu/mvco/IFCB1_2012_285_131225_00088.png
Gyrodinium,https://ifcb-data.whoi.edu/mvco/IFCB1_2012_276_170035_00020.png
Gyrodinium,https://ifcb-data.whoi.edu/mvco/IFCB1_2012_276_161411_00325.png
Gyrodinium,https://ifcb-data.whoi.edu/mvco/IFCB1_2012_276_152748_00287.png
Gyrodinium,https://ifcb-data.whoi.edu/mvco/IFCB5_2014_060_064942_00610.png
Gyrodinium,https://ifcb-data.whoi.edu/mvco/IFCB5_2014_038_210605_02395.png
Gyrodinium,https://ifcb-data.whoi.edu/mvco/IFCB1_2008_060_005303_01305.png
Heterocapsa_rotundata,https://ifcb-data.whoi.edu/mvco/IFCB1_2008_006_002456_00195.png
Heterocapsa_rotundata,https://ifcb-data.whoi.edu/mvco/IFCB1_2009_307_000512_04264.png
Heterocapsa_rotundata,https://ifcb-data.whoi.edu/mvco/IFCB5_2010_320_201135_00830.png
Heterocapsa_triquetra,https://ifcb-data.whoi.edu/mvco/IFCB5_2014_060_060318_04715.png
Heterocapsa_triquetra,https://ifcb-data.whoi.edu/mvco/IFCB1_2012_151_160629_01222.png
Heterocapsa_triquetra,https://ifcb-data.whoi.edu/mvco/IFCB1_2010_045_184626_01124.png
Heterocapsa_triquetra,https://ifcb-data.whoi.edu/mvco/IFCB1_2012_151_154317_00059.png
Heterocapsa_triquetra,https://ifcb-data.whoi.edu/mvco/IFCB1_2012_151_154317_00171.png
Heterocapsa_triquetra,https://ifcb-data.whoi.edu/mvco/IFCB1_2012_151_154317_00278.png
Heterocapsa_triquetra,https://ifcb-data.whoi.edu/mvco/IFCB1_2012_151_154317_00335.png
Heterocapsa_triquetra,https://ifcb-data.whoi.edu/mvco/IFCB1_2012_151_154317_00655.png
Karenia,https://ifcb-data.whoi.edu/mvco/IFCB5_2012_192_180257_00960.png
Karenia,https://ifcb-data.whoi.edu/mvco/IFCB1_2012_285_142205_00287.png
Karenia,https://ifcb-data.whoi.edu/mvco/IFCB1_2012_285_142205_00192.png
Katodinium_or_Torodinium,https://ifcb-data.whoi.edu/mvco/IFCB1_2007_113_192601_00111.png
Katodinium_or_Torodinium,https://ifcb-data.whoi.edu/mvco/IFCB1_2012_122_205827_05022.png
Oxyrrhis,https://ifcb-data.whoi.edu/EXPORTS/D20180814T040542_IFCB125_01012.png
Oxyrrhis,https://ifcb-data.whoi.edu/EXPORTS/D20180814T040542_IFCB125_03455.png
Oxyrrhis,https://ifcb-data.whoi.edu/EXPORTS/D20180814T040542_IFCB125_05010.png
Podolampas,https://ifcb-data.whoi.edu/SPIROPA/D20190718T001536_IFCB129_01536.png
Podolampas,https://ifcb-data.whoi.edu/SPIROPA/D20190706T110455_IFCB109_01294.png
Podolampas,https://ifcb-data.whoi.edu/SPIROPA/D20190718T002743_IFCB109_00110.png
Polykrikos,https://ifcb-data.whoi.edu/mvco/IFCB1_2012_277_190646_02381.png
Polykrikos,https://ifcb-data.whoi.edu/mvco/IFCB1_2012_296_174412_00965.png
Prorocentrum,https://ifcb-data.whoi.edu/mvco/IFCB5_2010_320_201135_01154.png
Prorocentrum,https://ifcb-data.whoi.edu/mvco/IFCB5_2011_360_173202_01264.png
Prorocentrum,https://ifcb-data.whoi.edu/mvco/IFCB5_2011_345_172140_00513.png
Prorocentrum,https://ifcb-data.whoi.edu/mvco/IFCB5_2012_076_171207_06768.png
Prorocentrum,https://ifcb-data.whoi.edu/mvco/IFCB5_2012_076_171207_00843.png
Prorocentrum,https://ifcb-data.whoi.edu/mvco/IFCB5_2010_270_193519_04301.png
Protoperidinium,https://ifcb-data.whoi.edu/mvco/IFCB1_2008_073_152345_01423.png
Protoperidinium,https://ifcb-data.whoi.edu/mvco/IFCB1_2010_040_214828_01107.png
Protoperidinium,https://ifcb-data.whoi.edu/mvco/IFCB1_2011_284_210748_01600.png
Protoperidinium,https://ifcb-data.whoi.edu/mvco/IFCB1_2012_285_142205_00118.png
Protoperidinium,https://ifcb-data.whoi.edu/mvco/IFCB5_2012_045_202902_00063.png
Proterythropsis_sp,https://ifcb-data.whoi.edu/mvco/IFCB1_2009_067_004943_00019.png
Proterythropsis_sp,https://ifcb-data.whoi.edu/mvco/IFCB1_2013_045_175844_00274.png
Proterythropsis_sp,https://ifcb-data.whoi.edu/mvco/IFCB5_2014_038_215230_05173.png
Proterythropsis_sp,https://ifcb-data.whoi.edu/mvco/IFCB1_2012_283_080837_00095.png
Proterythropsis_sp,https://ifcb-data.whoi.edu/mvco/IFCB1_2012_283_083212_00360.png
Proterythropsis_sp,https://ifcb-data.whoi.edu/mvco/IFCB1_2012_283_154659_00158.png
Proterythropsis_sp,https://ifcb-data.whoi.edu/mvco/IFCB1_2012_283_074550_00162.png
Proterythropsis_sp,https://ifcb-data.whoi.edu/mvco/IFCB1_2012_283_074550_00400.png
unknown3_squiggle,https://ifcb-data.whoi.edu/EXPORTS/D20180814T040542_IFCB125_00791.png
unknown3_squiggle,https://ifcb-data.whoi.edu/EXPORTS/D20180814T040542_IFCB125_00809.png
unknown3_squiggle,https://ifcb-data.whoi.edu/EXPORTS/D20180814T040542_IFCB125_01148.png
unknown3_squiggle,https://ifcb-data.whoi.edu/EXPORTS/D20180814T040542_IFCB125_01281.png
unknown3_squiggle,https://ifcb-data.whoi.edu/EXPORTS/D20180814T040542_IFCB125_01204.png
Warnowia,https://ifcb-data.whoi.edu/SPIROPA/D20190706T110535_IFCB129_02443.png
Warnowia,https://ifcb-data.whoi.edu/SPIROPA/D20190706T174512_IFCB129_02516.png
Warnowia,https://ifcb-data.whoi.edu/SPIROPA/D20190708T175329_IFCB109_00438.png
Warnowia,https://ifcb-data.whoi.edu/SPIROPA/D20190717T155730_IFCB129_02524.png
Ciliate_mix,https://ifcb-data.whoi.edu/mvco/IFCB1_2009_087_225312_00995.png
Ciliate_mix,https://ifcb-data.whoi.edu/mvco/IFCB1_2006_165_164920_00016.png
Ciliate_mix,https://ifcb-data.whoi.edu/mvco/IFCB1_2006_240_195802_00418.png
Ciliate_mix,https://ifcb-data.whoi.edu/mvco/IFCB5_2011_167_022908_04953.png
Dictyocysta,https://ifcb-data.whoi.edu/SPIROPA/D20190714T155706_IFCB129_02322.png
Dictyocysta,https://ifcb-data.whoi.edu/SPIROPA/D20190709T205554_IFCB129_00185.png
Dictyocysta,https://ifcb-data.whoi.edu/SPIROPA/D20190716T120426_IFCB109_00250.png
Dictyocysta,https://ifcb-data.whoi.edu/SPIROPA/D20190717T182347_IFCB129_00520.png
Didinium_sp,https://ifcb-data.whoi.edu/mvco/IFCB1_2006_272_000827_00359.png
Euplotes,https://ifcb-data.whoi.edu/mvco/IFCB5_2011_024_094617_01475.png
Euplotes morphotype1,https://ifcb-data.whoi.edu/SPIROPA/D20190706T013729_IFCB129_04788.png
Euplotes morphotype1,https://ifcb-data.whoi.edu/SPIROPA/D20190708T203804_IFCB129_01792.png
Euplotes morphotype1,https://ifcb-data.whoi.edu/SPIROPA/D20190716T140049_IFCB129_02318.png
Euplotes morphotype1,https://ifcb-data.whoi.edu/SPIROPA/D20190718T074540_IFCB129_00556.png
Eutintinnus,https://ifcb-data.whoi.edu/mvco/IFCB5_2016_266_233722_07025.png
Eutintinnus,https://ifcb-data.whoi.edu/mvco/IFCB1_2006_158_025435_00268.png
Eutintinnus,https://ifcb-data.whoi.edu/mvco/IFCB1_2011_271_164434_02493.png
Favella,https://ifcb-data.whoi.edu/mvco/IFCB1_2009_122_165429_00098.png
Favella,https://ifcb-data.whoi.edu/mvco/IFCB1_2011_279_221512_01231.png
Favella,https://ifcb-data.whoi.edu/mvco/IFCB5_2012_221_003149_01676.png
Favella,https://ifcb-data.whoi.edu/mvco/D20200413T144241_IFCB129_06436.png
Helicostomella_subulata,https://ifcb-data.whoi.edu/mvco/D20180518T132126_IFCB010_02604.png
Laboea_strobila,https://ifcb-data.whoi.edu/mvco/IFCB1_2009_133_183845_00002.png
Leegaardiella_ovalis,https://ifcb-data.whoi.edu/mvco/IFCB1_2007_361_022456_02543.png
Mesodinium_sp,https://ifcb-data.whoi.edu/mvco/IFCB1_2009_067_004943_02443.png
Mesodinium_sp,https://ifcb-data.whoi.edu/mvco/IFCB1_2016_077_160729_04728.png
Pleuronema_sp,https://ifcb-data.whoi.edu/mvco/IFCB1_2006_295_011304_00468.png
Stenosemella pacifica,https://ifcb-data.whoi.edu/mvco/IFCB5_2016_045_031154_00526.png
Stenosemella pacifica,https://ifcb-data.whoi.edu/mvco/IFCB1_2016_077_230522_00609.png
Stenosemella pacifica,https://ifcb-data.whoi.edu/mvco/IFCB1_2016_077_165356_00558.png
Stenosemella pacifica,https://ifcb-data.whoi.edu/mvco/IFCB5_2012_046_181222_01325.png
Stenosemella_sp1,https://ifcb-data.whoi.edu/mvco/IFCB1_2006_354_193915_00227.png
Stenosemella_sp1,https://ifcb-data.whoi.edu/mvco/IFCB1_2006_309_001656_00059.png
Strobilidium morphotype1,https://ifcb-data.whoi.edu/mvco/IFCB1_2006_361_023527_01516.png
Strobilidium morphotype1,https://ifcb-data.whoi.edu/mvco/IFCB1_2007_347_025322_00794.png
Strobilidium morphotype1,https://ifcb-data.whoi.edu/mvco/IFCB1_2008_200_025608_04500.png
Strobilidium morphotype1,https://ifcb-data.whoi.edu/mvco/IFCB1_2006_280_021317_04025.png
Strobilidium morphotype1,https://ifcb-data.whoi.edu/mvco/IFCB1_2006_280_023501_00256.png
Strobilidium morphotype1,https://ifcb-data.whoi.edu/mvco/IFCB1_2008_061_175353_00629.png
Strobilidium morphotype1,https://ifcb-data.whoi.edu/mvco/IFCB1_2010_090_182410_00728.png
Strobilidium morphotype1,https://ifcb-data.whoi.edu/mvco/IFCB1_2010_090_182410_02029.png
Strombidium_capitatum,https://ifcb-data.whoi.edu/mvco/IFCB1_2007_129_002550_00101.png
Strombidium_capitatum,https://ifcb-data.whoi.edu/mvco/IFCB1_2007_129_002550_00265.png
Strombidium_conicum,https://ifcb-data.whoi.edu/mvco/IFCB1_2006_272_000827_02872.png
Strombidium_conicum,https://ifcb-data.whoi.edu/mvco/IFCB1_2006_272_021853_00306.png
Strombidium_conicum,https://ifcb-data.whoi.edu/mvco/IFCB1_2006_272_013525_02073.png
Strombidium_conicum,https://ifcb-data.whoi.edu/mvco/IFCB1_2008_236_000420_01227.png
Strombidium_inclinatum,https://ifcb-data.whoi.edu/mvco/IFCB1_2008_218_025824_03962.png
Strombidium_inclinatum,https://ifcb-data.whoi.edu/mvco/IFCB1_2007_183_013042_01843.png
Strombidium_morphotype1,https://ifcb-data.whoi.edu/mvco/IFCB1_2008_006_023502_00843.png
Strombidium_morphotype1,https://ifcb-data.whoi.edu/mvco/IFCB1_2008_319_020306_00313.png
Strombidium_morphotype1,https://ifcb-data.whoi.edu/mvco/IFCB1_2008_200_001337_00224.png
Strombidium_morphotype2,https://ifcb-data.whoi.edu/mvco/IFCB1_2006_295_013503_01009.png
Strombidium_morphotype2,https://ifcb-data.whoi.edu/mvco/IFCB1_2007_089_021451_02484.png
Strombidium_oculatum,https://ifcb-data.whoi.edu/mvco/IFCB1_2008_319_024932_03187.png
Strombidium_oculatum,https://ifcb-data.whoi.edu/mvco/IFCB1_2008_001_024805_01269.png
Strombidium_oculatum,https://ifcb-data.whoi.edu/mvco/IFCB1_2006_272_015709_01532.png
Strombidium_wulffi,https://ifcb-data.whoi.edu/mvco/IFCB1_2008_200_001337_01125.png
Suctoria,https://ifcb-data.whoi.edu/mvco/IFCB1_2010_030_195852_01648.png
Tiarina_fusus,https://ifcb-data.whoi.edu/mvco/IFCB1_2007_326_031622_00692.png
Tiarina_fusus,https://ifcb-data.whoi.edu/mvco/IFCB1_2008_319_005351_00205.png
Tintinnidium_mucicola,https://ifcb-data.whoi.edu/mvco/IFCB5_2017_290_193655_02242.png
Tintinnidium_mucicola,https://ifcb-data.whoi.edu/mvco/IFCB1_2012_282_203258_00523.png
Tintinnidium_mucicola,https://ifcb-data.whoi.edu/mvco/IFCB1_2007_045_135748_00189.png
Tintinnidium_mucicola,https://ifcb-data.whoi.edu/mvco/IFCB5_2015_305_052557_04269.png
Tintinnopsis,https://ifcb-data.whoi.edu/mvco/IFCB5_2012_044_094726_02503.png
Tintinnopsis,https://ifcb-data.whoi.edu/mvco/IFCB1_2008_114_060422_05422.png
Tintinnopsis,https://ifcb-data.whoi.edu/mvco/IFCB1_2016_064_151621_00030.png
Tintinnopsis,https://ifcb-data.whoi.edu/mvco/IFCB5_2016_045_034913_00208.png
Tintinnopsis,https://ifcb-data.whoi.edu/mvco/IFCB1_2008_213_194911_03320.png
Tintinnopsis,https://ifcb-data.whoi.edu/mvco/IFCB5_2016_162_195655_06138.png
Tontonia_appendiculariformis,https://ifcb-data.whoi.edu/mvco/IFCB1_2011_240_171508_04987.png
Tontonia_appendiculariformis,https://ifcb-data.whoi.edu/mvco/IFCB5_2013_067_230254_00318.png
Tontonia_appendiculariformis,https://ifcb-data.whoi.edu/mvco/IFCB5_2015_323_165219_03858.png
Tontonia_appendiculariformis,https://ifcb-data.whoi.edu/mvco/IFCB1_2006_280_015132_03548.png
Tontonia_appendiculariformis,https://ifcb-data.whoi.edu/mvco/IFCB1_2006_272_024038_00484.png
Tontonia_gracillima,https://ifcb-data.whoi.edu/mvco/IFCB1_2008_043_185649_01056.png
Tontonia_gracillima,https://ifcb-data.whoi.edu/mvco/IFCB1_2009_135_182511_02294.png
Tontonia_gracillima,https://ifcb-data.whoi.edu/mvco/IFCB1_2009_045_171409_00149.png
Acanthoica_quattrospina,https://ifcb-data.whoi.edu/mvco/IFCB5_2017_214_191404_10381.png
Acanthoica_quattrospina,https://ifcb-data.whoi.edu/mvco/IFCB5_2017_214_191404_01706.png
Acanthoica_quattrospina,https://ifcb-data.whoi.edu/mvco/IFCB5_2017_319_174459_01683.png
Emiliania_huxleyi,https://ifcb-data.whoi.edu/mvco/IFCB5_2011_318_031734_02077.png
Emiliania_huxleyi,https://ifcb-data.whoi.edu/mvco/IFCB5_2013_352_091741_00453.png
Emiliania_huxleyi,https://ifcb-data.whoi.edu/mvco/IFCB5_2011_316_170429_00438.png
Emiliania_huxleyi,https://ifcb-data.whoi.edu/mvco/IFCB5_2011_316_170429_03971.png
Emiliania_huxleyi,https://ifcb-data.whoi.edu/mvco/IFCB5_2011_316_170429_05432.png
Calciopappus,https://ifcb-data.whoi.edu/mvco/IFCB1_2009_262_003744_06032.png
Calciopappus,https://ifcb-data.whoi.edu/mvco/IFCB1_2007_283_002541_01798.png
Calciopappus,https://ifcb-data.whoi.edu/mvco/IFCB1_2014_270_215153_00356.png
coccolithophorid,https://ifcb-data.whoi.edu/EXPORTS/D20180814T221437_IFCB125_00290.png
coccolithophorid,https://ifcb-data.whoi.edu/EXPORTS/D20180818T000234_IFCB125_02373.png
coccolithophorid,https://ifcb-data.whoi.edu/EXPORTS/D20180818T050728_IFCB125_01548.png
coccolithophorid,https://ifcb-data.whoi.edu/EXPORTS/D20180818T050728_IFCB125_00232.png
Ophiaster,https://ifcb-data.whoi.edu/NESLTER_transect/D20180203T131156_IFCB102_01089.png
Ophiaster,https://ifcb-data.whoi.edu/NESLTER_transect/D20180203T131156_IFCB102_02364.png
Ophiaster,https://ifcb-data.whoi.edu/NESLTER_transect/D20180203T124934_IFCB102_01746.png
Rhabdosphaera,https://ifcb-data.whoi.edu/SPIROPA/D20190708T160217_IFCB129_00551.png
Rhabdosphaera,https://ifcb-data.whoi.edu/SPIROPA/D20190714T150853_IFCB109_00842.png
Rhabdosphaera,https://ifcb-data.whoi.edu/SPIROPA/D20190718T010723_IFCB129_01342.png
Rhabdosphaera,https://ifcb-data.whoi.edu/SPIROPA/D20190708T170239_IFCB129_00077.png
Syracosphaera_pulchra,https://ifcb-data.whoi.edu/mvco/IFCB5_2010_255_184439_01705.png
Syracosphaera_pulchra,https://ifcb-data.whoi.edu/mvco/IFCB5_2010_255_190756_04230.png
Syracosphaera_pulchra,https://ifcb-data.whoi.edu/mvco/IFCB5_2010_270_193519_01521.png
bad,https://ifcb-data.whoi.edu/mvco/IFCB1_2010_208_231035_00141.png
bad,https://ifcb-data.whoi.edu/mvco/IFCB1_2012_282_205545_00044.png
bad,https://ifcb-data.whoi.edu/mvco/IFCB1_2012_282_203258_00027.png
bead,https://ifcb-data.whoi.edu/mvco/IFCB5_2014_057_190635_05674.png
bead,https://ifcb-data.whoi.edu/mvco/IFCB1_2006_270_172914_02485.png
bubble,https://ifcb-data.whoi.edu/mvco/IFCB1_2008_123_165550_00004.png
bubble,https://ifcb-data.whoi.edu/mvco/IFCB1_2010_132_185641_00050.png
colony,https://ifcb-data.whoi.edu/EXPORTS/D20180818T182207_IFCB125_01574.png
colony,https://ifcb-data.whoi.edu/EXPORTS/D20180818T182207_IFCB125_06330.png
colony,https://ifcb-data.whoi.edu/EXPORTS/D20180817T124458_IFCB125_02300.png
colony,https://ifcb-data.whoi.edu/EXPORTS/D20180825T234943_IFCB107_01350.png
cresent,https://ifcb-data.whoi.edu/EXPORTS/D20180902T221218_IFCB125_00663.png
cresent,https://ifcb-data.whoi.edu/EXPORTS/D20180902T040138_IFCB125_00207.png
cresent,https://ifcb-data.whoi.edu/EXPORTS/D20180815T162424_IFCB125_01074.png
detritus,https://ifcb-data.whoi.edu/mvco/IFCB1_2006_361_000315_00003.png
detritus,https://ifcb-data.whoi.edu/mvco/IFCB1_2007_010_012232_00058.png
detritus,https://ifcb-data.whoi.edu/mvco/IFCB1_2007_058_032122_00059.png
detritus,https://ifcb-data.whoi.edu/mvco/IFCB1_2014_176_153037_00016.png
detritus_clear,https://ifcb-data.whoi.edu/SPIROPA/D20190706T013729_IFCB129_00554.png
detritus_clear,https://ifcb-data.whoi.edu/SPIROPA/D20190706T011416_IFCB109_01967.png
detritus_clear,https://ifcb-data.whoi.edu/SPIROPA/D20190706T020720_IFCB129_04804.png
detritus_clear,https://ifcb-data.whoi.edu/SPIROPA/D20190706T025713_IFCB129_00494.png
fecal pellet,https://ifcb-data.whoi.edu/mvco/D20170423T051323_IFCB010_00860.png
fecal pellet,https://ifcb-data.whoi.edu/mvco/D20190203T002728_IFCB102_00792.png
fecal pellet,https://ifcb-data.whoi.edu/mvco/D20130825T230904_IFCB014_00013.png
fiber,https://ifcb-data.whoi.edu/EXPORTS/D20180818T000234_IFCB125_05492.png
fiber,https://ifcb-data.whoi.edu/EXPORTS/D20180818T000234_IFCB125_06526.png
fiber,https://ifcb-data.whoi.edu/EXPORTS/D20180816T234621_IFCB125_00188.png
Grazing,https://ifcb-data.whoi.edu/mvco/IFCB1_2012_258_172757_00632.png
Grazing,https://ifcb-data.whoi.edu/mvco/IFCB1_2008_235_205819_00917.png
Grazing,https://ifcb-data.whoi.edu/mvco/IFCB1_2012_313_101959_00992.png
Grazing,https://ifcb-data.whoi.edu/mvco/IFCB1_2012_284_054216_00074.png
Grazing,https://ifcb-data.whoi.edu/mvco/IFCB1_2008_235_205819_00735.png
Grazing,https://ifcb-data.whoi.edu/mvco/IFCB1_2008_235_201211_01262.png
Grazing,https://ifcb-data.whoi.edu/mvco/IFCB5_2013_182_162253_04743.png
Grazing,https://ifcb-data.whoi.edu/mvco/IFCB1_2009_294_151853_05937.png
Grazing,https://ifcb-data.whoi.edu/mvco/IFCB1_2009_155_160457_05389.png
Grazing,https://ifcb-data.whoi.edu/mvco/IFCB1_2008_349_180348_01337.png
Grazing,https://ifcb-data.whoi.edu/mvco/IFCB1_2008_213_194911_05266.png
Grazing,https://ifcb-data.whoi.edu/mvco/IFCB1_2008_199_143321_02873.png
Grazing,https://ifcb-data.whoi.edu/mvco/IFCB1_2012_306_081806_00589.png
Grazing,https://ifcb-data.whoi.edu/mvco/IFCB1_2012_306_150941_00930.png
Grazing,https://ifcb-data.whoi.edu/mvco/IFCB1_2008_235_205819_00210.png
Grazing,https://ifcb-data.whoi.edu/mvco/IFCB1_2008_199_143321_06650.png
Grazing,https://ifcb-data.whoi.edu/mvco/IFCB1_2008_194_004923_03310.png
Grazing,https://ifcb-data.whoi.edu/mvco/IFCB1_2007_303_202320_03809.png
Grazing,https://ifcb-data.whoi.edu/mvco/IFCB1_2007_303_210642_00596.png
Grazing,https://ifcb-data.whoi.edu/mvco/IFCB5_2017_250_150518_03511.png
Grazing,https://ifcb-data.whoi.edu/mvco/IFCB5_2015_322_134515_10152.png
Grazing,https://ifcb-data.whoi.edu/mvco/IFCB1_2014_267_143045_02456.png
Grazing,https://ifcb-data.whoi.edu/mvco/IFCB5_2011_338_103123_04577.png
Grazing,https://ifcb-data.whoi.edu/mvco/IFCB1_2007_045_043118_00066.png
Grazing,https://ifcb-data.whoi.edu/mvco/IFCB5_2013_087_075228_03291.png
Grazing,https://ifcb-data.whoi.edu/mvco/IFCB5_2013_094_161209_00702.png
Grazing,https://ifcb-data.whoi.edu/mvco/IFCB5_2013_093_112903_00621.png
Grazing,https://ifcb-data.whoi.edu/mvco/IFCB5_2011_041_033357_01792.png
Grazing,https://ifcb-data.whoi.edu/mvco/IFCB1_2007_343_211257_02791.png
Grazing,https://ifcb-data.whoi.edu/mvco/IFCB1_2010_036_181442_00595.png
Grazing,https://ifcb-data.whoi.edu/mvco/IFCB1_2010_036_183757_03727.png
Grazing,https://ifcb-data.whoi.edu/mvco/IFCB1_2012_288_233341_00478.png
Grazing,https://ifcb-data.whoi.edu/mvco/IFCB1_2009_341_002518_01380.png
Grazing,https://ifcb-data.whoi.edu/mvco/IFCB5_2012_039_204218_00815.png
Grazing,https://ifcb-data.whoi.edu/mvco/IFCB1_2008_199_154228_01127.png
Grazing,https://ifcb-data.whoi.edu/mvco/IFCB1_2008_235_205819_00728.png
Grazing,https://ifcb-data.whoi.edu/mvco/IFCB1_2012_324_193002_01802.png
Grazing,https://ifcb-data.whoi.edu/mvco/IFCB1_2012_292_164741_00165.png
Grazing,https://ifcb-data.whoi.edu/mvco/IFCB5_2011_135_195354_04483.png
Grazing,https://ifcb-data.whoi.edu/mvco/IFCB1_2007_285_193752_02433.png
Grazing,https://ifcb-data.whoi.edu/mvco/IFCB5_2015_017_115514_01412.png
Grazing,https://ifcb-data.whoi.edu/mvco/IFCB5_2015_017_110849_01417.png
Grazing,https://ifcb-data.whoi.edu/mvco/IFCB5_2011_180_182522_01830.png
Grazing,https://ifcb-data.whoi.edu/mvco/IFCB1_2006_360_164826_00126.png
Grazing,https://ifcb-data.whoi.edu/mvco/IFCB1_2013_035_144627_00113.png
Grazing,https://ifcb-data.whoi.edu/mvco/IFCB5_2014_021_115025_03542.png
Grazing,https://ifcb-data.whoi.edu/mvco/IFCB5_2015_006_164519_00046.png
Grazing,https://ifcb-data.whoi.edu/mvco/IFCB1_2007_101_002642_00541.png
Grazing,https://ifcb-data.whoi.edu/mvco/IFCB1_2006_360_183707_00506.png
Grazing,https://ifcb-data.whoi.edu/mvco/IFCB1_2010_090_171432_04729.png
Grazing,https://ifcb-data.whoi.edu/mvco/IFCB1_2009_041_202359_00893.png
Grazing,https://ifcb-data.whoi.edu/mvco/IFCB1_2012_284_040928_00482.png
Grazing,https://ifcb-data.whoi.edu/mvco/IFCB1_2008_318_190514_00787.png
Grazing,https://ifcb-data.whoi.edu/mvco/IFCB1_2012_304_161618_00615.png
Grazing,https://ifcb-data.whoi.edu/mvco/IFCB1_2007_309_183421_02391.png
Grazing,https://ifcb-data.whoi.edu/mvco/IFCB5_2014_041_135916_00871.png
Grazing,https://ifcb-data.whoi.edu/mvco/IFCB5_2014_051_183327_02533.png
Grazing,https://ifcb-data.whoi.edu/mvco/IFCB1_2013_059_095533_00419.png
Grazing,https://ifcb-data.whoi.edu/mvco/IFCB5_2014_339_111708_03855.png
Grazing,https://ifcb-data.whoi.edu/mvco/IFCB5_2014_330_162359_00597.png
Grazing,https://ifcb-data.whoi.edu/mvco/IFCB5_2014_339_103043_04406.png
Grazing,https://ifcb-data.whoi.edu/mvco/IFCB5_2015_352_183824_00220.png
Grazing,https://ifcb-data.whoi.edu/mvco/IFCB1_2016_119_131124_02927.png
Grazing,https://ifcb-data.whoi.edu/mvco/IFCB5_2015_336_031931_01612.png
Grazing,https://ifcb-data.whoi.edu/mvco/IFCB5_2014_057_190635_00401.png
Grazing,https://ifcb-data.whoi.edu/mvco/IFCB1_2007_146_155354_00021.png
Grazing,https://ifcb-data.whoi.edu/mvco/IFCB1_2016_085_195112_00206.png
Grazing,https://ifcb-data.whoi.edu/mvco/IFCB1_2008_350_021139_00717.png
Grazing,https://ifcb-data.whoi.edu/mvco/IFCB5_2013_137_174923_03641.png
Grazing,https://ifcb-data.whoi.edu/mvco/IFCB5_2013_133_152833_01821.png
Grazing,https://ifcb-data.whoi.edu/mvco/IFCB5_2013_095_214907_00823.png
Grazing,https://ifcb-data.whoi.edu/mvco/IFCB5_2013_067_224713_00264.png
Grazing,https://ifcb-data.whoi.edu/mvco/IFCB1_2013_050_191140_00332.png
Grazing,https://ifcb-data.whoi.edu/mvco/IFCB1_2008_100_190250_00059.png
Grazing,https://ifcb-data.whoi.edu/mvco/IFCB1_2009_067_180909_01006.png
Grazing,https://ifcb-data.whoi.edu/mvco/IFCB1_2007_347_004316_00879.png
Grazing,https://ifcb-data.whoi.edu/mvco/IFCB1_2007_347_004316_04699.png
Grazing,https://ifcb-data.whoi.edu/mvco/IFCB1_2009_225_161700_01288.png
Grazing,https://ifcb-data.whoi.edu/mvco/IFCB1_2009_292_003918_04360.png
Grazing,https://ifcb-data.whoi.edu/mvco/IFCB1_2009_307_224242_04396.png
Grazing,https://ifcb-data.whoi.edu/mvco/IFCB1_2010_040_214828_00513.png
Grazing,https://ifcb-data.whoi.edu/mvco/IFCB5_2010_240_160500_04786.png
Grazing,https://ifcb-data.whoi.edu/mvco/IFCB1_2012_277_071242_05247.png
Grazing,https://ifcb-data.whoi.edu/mvco/IFCB1_2012_277_082218_03857.png
Grazing,https://ifcb-data.whoi.edu/mvco/IFCB1_2010_306_201258_09390.png
Grazing,https://ifcb-data.whoi.edu/mvco/IFCB5_2011_030_183419_01721.png
Grazing,https://ifcb-data.whoi.edu/mvco/IFCB5_2011_030_183419_00487.png
Grazing,https://ifcb-data.whoi.edu/mvco/IFCB5_2011_030_172440_01292.png
Grazing,https://ifcb-data.whoi.edu/mvco/IFCB5_2011_063_212045_01338.png
Grazing,https://ifcb-data.whoi.edu/mvco/IFCB1_2012_288_092107_00488.png
Grazing,https://ifcb-data.whoi.edu/mvco/IFCB1_2009_294_154206_02276.png
Grazing,https://ifcb-data.whoi.edu/mvco/IFCB1_2010_034_140026_04536.png
Grazing,https://ifcb-data.whoi.edu/mvco/IFCB1_2010_045_190938_00239.png
Grazing,https://ifcb-data.whoi.edu/mvco/IFCB1_2010_045_162708_01622.png
Grazing,https://ifcb-data.whoi.edu/mvco/IFCB1_2010_045_193252_01852.png
Grazing,https://ifcb-data.whoi.edu/mvco/IFCB5_2011_135_173436_00309.png
Grazing,https://ifcb-data.whoi.edu/mvco/IFCB1_2011_279_215203_00756.png
Grazing,https://ifcb-data.whoi.edu/mvco/IFCB1_2011_285_190529_01894.png
Grazing,https://ifcb-data.whoi.edu/mvco/IFCB5_2011_326_194937_10783.png
Grazing,https://ifcb-data.whoi.edu/mvco/IFCB5_2011_330_195348_03921.png
Grazing,https://ifcb-data.whoi.edu/mvco/IFCB5_2011_330_160747_01856.png
Grazing,https://ifcb-data.whoi.edu/mvco/IFCB5_2012_107_185435_00457.png
Grazing,https://ifcb-data.whoi.edu/mvco/IFCB1_2012_279_200218_00471.png
Grazing,https://ifcb-data.whoi.edu/mvco/IFCB1_2012_263_230454_02320.png
Grazing,https://ifcb-data.whoi.edu/mvco/D20180316T173019_IFCB010_00393.png
Grazing,https://ifcb-data.whoi.edu/mvco/D20170421T142050_IFCB010_00242.png
Grazing,https://ifcb-data.whoi.edu/mvco/IFCB5_2013_094_043601_01508.png
Grazing,https://ifcb-data.whoi.edu/mvco/IFCB5_2016_273_171232_01322.png
Grazing,https://ifcb-data.whoi.edu/mvco/IFCB1_2016_124_143141_01173.png
Grazing,https://ifcb-data.whoi.edu/mvco/IFCB5_2016_337_160407_00331.png
Grazing,https://ifcb-data.whoi.edu/mvco/IFCB1_2016_077_165356_00086.png
Grazing,https://ifcb-data.whoi.edu/mvco/IFCB1_2016_103_120552_03241.png
Grazing,https://ifcb-data.whoi.edu/mvco/IFCB1_2016_085_223342_00496.png
Grazing,https://ifcb-data.whoi.edu/mvco/IFCB1_2016_085_225725_02129.png
Grazing,https://ifcb-data.whoi.edu/mvco/IFCB1_2016_089_182228_02689.png
Grazing,https://ifcb-data.whoi.edu/mvco/IFCB5_2011_337_012755_02051.png
Grazing,https://ifcb-data.whoi.edu/mvco/IFCB5_2013_142_191631_00729.png
Grazing,https://ifcb-data.whoi.edu/mvco/IFCB5_2013_343_133657_02696.png
Grazing,https://ifcb-data.whoi.edu/mvco/IFCB5_2013_136_104702_00186.png
Grazing,https://ifcb-data.whoi.edu/mvco/IFCB5_2014_353_200517_00469.png
Grazing,https://ifcb-data.whoi.edu/mvco/IFCB5_2015_316_174917_00750.png
Grazing,https://ifcb-data.whoi.edu/mvco/IFCB5_2013_122_173158_00293.png
Grazing,https://ifcb-data.whoi.edu/mvco/IFCB1_2012_285_083401_00473.png
Grazing,https://ifcb-data.whoi.edu/mvco/IFCB1_2007_114_185222_00030.png
Grazing,https://ifcb-data.whoi.edu/mvco/IFCB1_2010_068_010436_01915.png
Grazing,https://ifcb-data.whoi.edu/mvco/IFCB5_2013_093_180330_02551.png
Grazing,https://ifcb-data.whoi.edu/mvco/IFCB1_2010_090_171432_02416.png
Grazing,https://ifcb-data.whoi.edu/mvco/IFCB1_2010_040_214828_00140.png
Grazing,https://ifcb-data.whoi.edu/mvco/IFCB1_2007_092_184915_01040.png
Grazing,https://ifcb-data.whoi.edu/mvco/IFCB1_2012_319_103844_00034.png
Grazing,https://ifcb-data.whoi.edu/mvco/IFCB1_2012_291_170046_00020.png
Grazing,https://ifcb-data.whoi.edu/mvco/IFCB1_2009_067_185511_02345.png
Grazing,https://ifcb-data.whoi.edu/mvco/IFCB1_2013_045_232353_00246.png
Grazing,https://ifcb-data.whoi.edu/mvco/IFCB1_2013_045_223733_00316.png
Grazing,https://ifcb-data.whoi.edu/IFCB14_Dock/D20160504T174914_IFCB014_00412.png
Grazing,https://ifcb-data.whoi.edu/mvco/IFCB1_2012_299_141722_01059.png
Grazing,https://ifcb-data.whoi.edu/mvco/IFCB1_2012_292_190655_02731.png
Grazing,https://ifcb-data.whoi.edu/mvco/IFCB1_2012_285_100650_00158.png
Grazing,https://ifcb-data.whoi.edu/mvco/IFCB1_2009_067_183223_01305.png
Grazing,https://ifcb-data.whoi.edu/mvco/IFCB5_2011_167_022908_01115.png
Grazing,https://ifcb-data.whoi.edu/mvco/IFCB1_2007_060_235026_00195.png
Grazing,https://ifcb-data.whoi.edu/mvco/IFCB1_2007_057_190713_00082.png
Grazing,https://ifcb-data.whoi.edu/mvco/IFCB1_2007_052_150855_00030.png
Grazing,https://ifcb-data.whoi.edu/mvco/IFCB1_2012_351_214559_00814.png
Grazing,https://ifcb-data.whoi.edu/mvco/IFCB1_2008_318_181914_00484.png
Grazing,https://ifcb-data.whoi.edu/mvco/IFCB1_2012_263_235118_02287.png
Grazing,https://ifcb-data.whoi.edu/mvco/IFCB1_2012_354_170819_00997.png
Grazing,https://ifcb-data.whoi.edu/mvco/IFCB1_2012_279_182919_00729.png
Grazing,https://ifcb-data.whoi.edu/mvco/IFCB1_2012_289_030208_01601.png
Grazing,https://ifcb-data.whoi.edu/mvco/IFCB1_2012_264_003745_00367.png
Grazing,https://ifcb-data.whoi.edu/mvco/IFCB1_2014_272_111239_06717.png
Grazing,https://ifcb-data.whoi.edu/mvco/IFCB1_2014_272_102611_05114.png
Grazing,https://ifcb-data.whoi.edu/mvco/IFCB5_2012_232_231225_00726.png
Grazing,https://ifcb-data.whoi.edu/mvco/IFCB1_2012_288_183202_00244.png
Grazing,https://ifcb-data.whoi.edu/mvco/IFCB1_2012_291_130756_00727.png
Grazing,https://ifcb-data.whoi.edu/mvco/IFCB1_2012_263_235118_01976.png
Grazing,https://ifcb-data.whoi.edu/mvco/IFCB1_2012_263_235118_03270.png
Grazing,https://ifcb-data.whoi.edu/mvco/IFCB1_2012_291_185648_00444.png
Grazing,https://ifcb-data.whoi.edu/mvco/IFCB1_2013_297_191707_02455.png
Grazing,https://ifcb-data.whoi.edu/mvco/IFCB5_2014_062_184116_06321.png
Grazing,https://ifcb-data.whoi.edu/mvco/IFCB1_2012_264_001432_03306.png
Grazing,https://ifcb-data.whoi.edu/mvco/IFCB1_2009_150_171406_06458.png
Grazing,https://ifcb-data.whoi.edu/mvco/IFCB5_2015_050_122030_02237.png
Grazing,https://ifcb-data.whoi.edu/mvco/IFCB5_2015_050_115717_00052.png
Grazing,https://ifcb-data.whoi.edu/mvco/IFCB5_2015_050_183749_03440.png
mix,https://ifcb-data.whoi.edu/mvco/IFCB1_2012_292_095605_00002.png
mix,https://ifcb-data.whoi.edu/mvco/IFCB1_2007_146_002550_00001.png
mix,https://ifcb-data.whoi.edu/mvco/IFCB1_2015_253_180439_02711.png
other_interaction,https://ifcb-data.whoi.edu/mvco/IFCB5_2016_229_122659_01439.png
pollen,https://ifcb-data.whoi.edu/mvco/IFCB1_2009_122_221343_00065.png
pollen,https://ifcb-data.whoi.edu/mvco/IFCB5_2012_066_194419_01377.png
spore,https://ifcb-data.whoi.edu/mvco/D20170526T132037_IFCB010_04848.png
spore,https://ifcb-data.whoi.edu/mvco/IFCB5_2010_345_122401_03881.png
spore,https://ifcb-data.whoi.edu/mvco/IFCB5_2016_238_173033_02096.png
spore,https://ifcb-data.whoi.edu/mvco/IFCB5_2016_239_092800_05484.png
spore,https://ifcb-data.whoi.edu/mvco/IFCB5_2016_238_162053_05052.png
spore,https://ifcb-data.whoi.edu/mvco/IFCB5_2016_238_162053_02219.png
spore,https://ifcb-data.whoi.edu/mvco/IFCB5_2016_238_153401_03927.png
spore,https://ifcb-data.whoi.edu/mvco/IFCB5_2016_238_125134_04688.png
spore,https://ifcb-data.whoi.edu/mvco/IFCB1_2012_350_065434_00626.png
spore,https://ifcb-data.whoi.edu/mvco/IFCB1_2010_224_164900_00192.png
spore,https://ifcb-data.whoi.edu/mvco/IFCB1_2010_224_164900_00499.png
spore,https://ifcb-data.whoi.edu/mvco/IFCB1_2010_225_162819_06804.png
spore,https://ifcb-data.whoi.edu/mvco/IFCB1_2008_001_234058_00427.png
spore,https://ifcb-data.whoi.edu/mvco/IFCB1_2010_225_105359_01462.png
spore,https://ifcb-data.whoi.edu/mvco/IFCB5_2012_192_180257_07047.png
spore,https://ifcb-data.whoi.edu/mvco/IFCB5_2012_192_182636_03701.png
spore,https://ifcb-data.whoi.edu/mvco/IFCB5_2012_192_171632_02400.png
spore,https://ifcb-data.whoi.edu/mvco/IFCB1_2009_228_000456_01965.png
spore,https://ifcb-data.whoi.edu/mvco/IFCB1_2012_269_073846_00330.png
spore,https://ifcb-data.whoi.edu/mvco/IFCB1_2007_283_000358_01589.png
spore,https://ifcb-data.whoi.edu/mvco/IFCB1_2007_283_004729_03372.png
spore,https://ifcb-data.whoi.edu/mvco/IFCB1_2007_284_173836_04832.png
spore,https://ifcb-data.whoi.edu/mvco/IFCB1_2007_285_162212_00117.png
spore,https://ifcb-data.whoi.edu/mvco/IFCB1_2007_285_170541_00947.png
spore,https://ifcb-data.whoi.edu/mvco/IFCB1_2007_285_172724_04375.png
spore,https://ifcb-data.whoi.edu/mvco/IFCB1_2007_285_181053_02209.png
spore,https://ifcb-data.whoi.edu/mvco/IFCB1_2007_285_185423_05444.png
spore,https://ifcb-data.whoi.edu/mvco/IFCB1_2008_225_183029_03840.png
spore,https://ifcb-data.whoi.edu/mvco/IFCB1_2008_225_185341_00069.png
spore,https://ifcb-data.whoi.edu/mvco/IFCB1_2008_225_191657_00023.png
spore,https://ifcb-data.whoi.edu/mvco/IFCB1_2009_228_000456_01965.png
spore,https://ifcb-data.whoi.edu/mvco/IFCB1_2009_270_170343_04002.png
spore,https://ifcb-data.whoi.edu/mvco/IFCB1_2009_276_125258_02089.png
spore,https://ifcb-data.whoi.edu/mvco/IFCB1_2009_276_222714_06793.png
spore,https://ifcb-data.whoi.edu/mvco/IFCB1_2009_341_004829_00645.png
spore,https://ifcb-data.whoi.edu/mvco/IFCB1_2010_210_170841_00464.png
spore,https://ifcb-data.whoi.edu/mvco/IFCB5_2010_255_160209_01247.png
spore,https://ifcb-data.whoi.edu/mvco/IFCB5_2010_255_164829_03275.png
spore,https://ifcb-data.whoi.edu/mvco/IFCB5_2010_255_182131_02813.png
spore,https://ifcb-data.whoi.edu/mvco/IFCB5_2010_270_162937_00718.png
spore,https://ifcb-data.whoi.edu/mvco/IFCB5_2010_360_171224_02208.png
spore,https://ifcb-data.whoi.edu/mvco/IFCB1_2011_240_180133_02541.png
spore,https://ifcb-data.whoi.edu/mvco/IFCB1_2011_244_163915_00621.png
spore,https://ifcb-data.whoi.edu/mvco/IFCB5_2011_326_164359_06135.png
spore,https://ifcb-data.whoi.edu/mvco/IFCB5_2011_326_181649_06566.png
spore,https://ifcb-data.whoi.edu/mvco/IFCB5_2012_009_170523_01580.png
spore,https://ifcb-data.whoi.edu/mvco/IFCB1_2011_285_181905_00202.png
spore,https://ifcb-data.whoi.edu/mvco/IFCB5_2011_051_192947_02332.png
spore,https://ifcb-data.whoi.edu/mvco/IFCB5_2012_213_124913_01230.png
spore,https://ifcb-data.whoi.edu/mvco/IFCB1_2008_318_195140_05225.png
spore,https://ifcb-data.whoi.edu/mvco/IFCB1_2014_295_183436_03638.png
spore,https://ifcb-data.whoi.edu/mvco/IFCB5_2016_222_160220_03373.png
zooplankton,https://ifcb-data.whoi.edu/mvco/IFCB1_2012_262_204402_00154.png
zooplankton,https://ifcb-data.whoi.edu/mvco/IFCB5_2012_044_050858_02008.png
zooplankton,https://ifcb-data.whoi.edu/mvco/IFCB5_2011_321_222920_03425.png
zooplankton,https://ifcb-data.whoi.edu/mvco/IFCB1_2007_151_193207_01152.png
zooplankton,https://ifcb-data.whoi.edu/mvco/IFCB5_2011_208_191537_01078.png
zooplankton,https://ifcb-data.whoi.edu/mvco/IFCB1_2009_328_225810_09988.png
zooplankton,https://ifcb-data.whoi.edu/mvco/IFCB5_2012_048_195339_00494.png
zooplankton,https://ifcb-data.whoi.edu/mvco/IFCB1_2008_132_064222_00095.png
zooplankton,https://ifcb-data.whoi.edu/mvco/IFCB5_2012_076_112403_05769.png
zooplankton,https://ifcb-data.whoi.edu/mvco/IFCB1_2012_283_091831_00430.png
zooplankton,https://ifcb-data.whoi.edu/mvco/IFCB1_2012_283_091831_00431.png
zooplankton,https://ifcb-data.whoi.edu/mvco/IFCB1_2012_283_111435_00018.png
zooplankton,https://ifcb-data.whoi.edu/mvco/IFCB1_2012_283_131013_00402.png
zooplankton,https://ifcb-data.whoi.edu/mvco/IFCB1_2012_283_133349_00596.png
zooplankton,https://ifcb-data.whoi.edu/mvco/IFCB1_2012_284_102041_00087.png
unidentified,https://ifcb-data.whoi.edu/mvco/IFCB1_2012_263_171700_02914.png
unidentified,https://ifcb-data.whoi.edu/mvco/IFCB1_2009_345_191740_00744.png
unidentified,https://ifcb-data.whoi.edu/mvco/IFCB1_2012_269_045556_00426.png
unidentified,https://ifcb-data.whoi.edu/mvco/IFCB1_2010_219_003244_02623.png
unidentified,https://ifcb-data.whoi.edu/mvco/IFCB1_2011_270_193351_02042.png
unidentified,https://ifcb-data.whoi.edu/mvco/IFCB1_2012_292_173344_00399.png
unidentified,https://ifcb-data.whoi.edu/mvco/IFCB5_2011_096_093323_00409.png
unidentified,https://ifcb-data.whoi.edu/mvco/IFCB5_2012_087_143954_00624.png
unidentified,https://ifcb-data.whoi.edu/mvco/IFCB5_2012_027_135036_00497.png
unidentified,https://ifcb-data.whoi.edu/mvco/IFCB1_2007_134_212757_00339.png
unidentified,https://ifcb-data.whoi.edu/mvco/IFCB5_2013_129_100159_03411.png
unidentified,https://ifcb-data.whoi.edu/mvco/IFCB1_2012_288_114022_00091.png
unidentified,https://ifcb-data.whoi.edu/mvco/IFCB1_2012_284_132015_00470.png
unidentified,https://ifcb-data.whoi.edu/mvco/IFCB5_2012_009_212600_01752.png
Radiolarian,https://ifcb-data.whoi.edu/mvco/IFCB5_2016_230_171538_04645.png
Radiolarian,https://ifcb-data.whoi.edu/mvco/IFCB5_2017_250_115338_09020.png
Radiolarian,https://ifcb-data.whoi.edu/mvco/IFCB5_2017_244_201915_03732.png
unknown2,https://ifcb-data.whoi.edu/NESLTER_transect/D20190708T191939_IFCB129_02939.png
unknown2,https://ifcb-data.whoi.edu/NESLTER_transect/D20190708T191939_IFCB129_04999.png
unknown2,https://ifcb-data.whoi.edu/NESLTER_transect/D20190708T200752_IFCB129_01259.png
